{"cameraMode":{"drawMode":0,"name":"Shaded","section":"Shading Mode"},"sceneLighting":true,"audioPlay":false,"sceneViewState":{"m_AlwaysRefresh":false,"showFog":true,"showSkybox":true,"showFlares":true,"showImageEffects":true,"showParticleSystems":true,"showVisualEffectGraphs":true,"m_FxEnabled":true},"in2DMode":false,"pivot":{"x":3.1819918155670168,"y":2.5762925148010256,"z":-6.599908351898193},"rotation":{"x":0.07992446422576904,"y":0.8394101858139038,"z":-0.12839414179325105,"w":0.5221698880195618},"size":1.230727195739746,"orthographic":false}