{"cameraMode":{"drawMode":0,"name":"Shaded","section":"Shading Mode"},"sceneLighting":true,"audioPlay":false,"sceneViewState":{"m_AlwaysRefresh":false,"showFog":true,"showSkybox":true,"showFlares":true,"showImageEffects":true,"showParticleSystems":true,"showVisualEffectGraphs":true,"m_FxEnabled":true},"in2DMode":false,"pivot":{"x":-1.8156893253326417,"y":3.3916449546813967,"z":1.994581699371338},"rotation":{"x":-0.0004683608713094145,"y":0.6066981554031372,"z":0.0003591077693272382,"w":0.7949404120445252},"size":9.45265007019043,"orthographic":false}