{"cameraMode":{"drawMode":0,"name":"Shaded","section":"Shading Mode"},"sceneLighting":true,"audioPlay":false,"sceneViewState":{"m_AlwaysRefresh":false,"showFog":true,"showSkybox":true,"showFlares":true,"showImageEffects":true,"showParticleSystems":true,"showVisualEffectGraphs":true,"m_FxEnabled":true},"in2DMode":false,"pivot":{"x":-12.760441780090332,"y":7.250759601593018,"z":-7.857467174530029},"rotation":{"x":0.04328417778015137,"y":0.7126129865646362,"z":-0.04325219988822937,"w":0.6992666721343994},"size":0.22077606618404389,"orthographic":false}