{"cameraMode":{"drawMode":0,"name":"Shaded","section":"Shading Mode"},"sceneLighting":true,"audioPlay":false,"sceneViewState":{"m_AlwaysRefresh":false,"showFog":true,"showSkybox":true,"showFlares":true,"showImageEffects":true,"showParticleSystems":true,"showVisualEffectGraphs":true,"m_FxEnabled":true},"in2DMode":false,"pivot":{"x":76.22346496582031,"y":1.128989577293396,"z":-13.549332618713379},"rotation":{"x":-0.022129548713564874,"y":-0.8937713503837586,"z":0.4463949501514435,"w":-0.044329747557640079},"size":1.7176978588104249,"orthographic":false}